INSERT INTO projects (id, title, category, funding_goal, start_date, end_date) VALUES
(1, 'World Hunger', 'philanthropy', 1000000, '01-01-2010','02-02-2011'),
(2, 'Peace in the Middle East', 'philanthropy', 200000, '01-09-2020', '01-09-2021'),
(3, 'Homelessness', 'philanthropy', 6000000, '11-09-2020', '11-30-2021'),
(4, 'Human Traficking', 'philanthropy', 800000000, '12-09-2000', '01-09-2021'),
(5, 'Clean Water', 'philanthropy', 7000000, '05-20-2014', '01-10-2025'),
(6, 'Poverty', 'philanthropy', 800000, '04-25-2012', '01-01-2006'),
(7, 'Affordable Education', 'philanthropy', 9000000, '03-11-2000', '12-31-3000'),
(8, 'Affordable Healthcare', 'philanthropy', 100000000, '04-09-2021', '01-01-2035'),
(9, 'Amazon', 'business', 100, '01-01-2021', '01-02-2021'),
(10, 'Google', 'business', 100000, '07-10-2022', '07-10-2023');

INSERT INTO users (id, name, age) VALUES 
(1, 'Cindy', 24),
(2, 'Danielle', 23),
(3, 'Kyle', 42),
(4, 'Aaila', 24),
(5, 'Valerie', 59),
(6, 'Ron', 58),
(7, 'Michale', 30),
(8, 'Ava', 60),
(9, 'Devon', 36),
(10, 'Paul', 60),
(11, 'David', 45),
(12, 'Adam', 39),
(13, 'Stephen', 70),
(14, 'Macy', 12),
(15, 'Daniel', 30),
(16, 'Gordon', 40),
(17, 'Matt', 50),
(18, 'Wade', 40),
(19, 'Yalla', 100),
(20, 'Amanda', 15);

INSERT INTO pledges (id, amount, user_id, project_id) VALUES
(1, 10.00, 1, 2),
(2, 20.00, 1, 3),
(3, 40.00, 1, 4),
(4, 50.00, 2, 3),
(5, 10.00, 3, 2),
(6, 20.00, 4, 4),
(7, 40.00, 5, 10),
(8, 60.00, 6, 10),
(9, 50.00, 7, 9),
(10, 700.00, 8, 8),
(11, 1000.00, 8, 7),
(12, 40.00, 9, 6),
(13, 50.00, 9, 3),
(14, 50.00, 10, 4),
(15, 24.00, 12, 1),
(16, 34.00, 11, 1),
(17, 12.00, 13, 6),
(18, 19.00, 14, 5),
(19, 20.00, 15, 5),
(20, 40.00, 16, 6),
(21, 35.50, 17, 7),
(22, 40.00, 18, 8),
(23, 60.00, 19, 9),
(24, 70.00, 20, 10),
(25, 100.00, 20, 4),
(26, 40.00, 19, 1),
(27, 20.00, 18, 6),
(28, 90.00, 17, 9),
(29, 230.00, 16, 6),
(30, 450.00, 15, 5);
